region,year,Log GDP per capita,Social support,Healthy life expectancy at birth,Freedom to make life choices,Generosity,Perceptions of corruption,Positive affect,Negative affect,Life Ladder
Africa,2010,8.136065972478766,0.7494607277606663,54.07315776222631,0.7023992389440536,-0.04659657449289958,0.7951730485809477,0.6344094119573894,0.220391665634356,4.360387927607486
Africa,2011,8.14986336858649,0.7437796812308463,54.31157880080374,0.7047226891705864,-0.06747829480139586,0.7939788954038369,0.6257373690605164,0.23251619905625515,4.513352522724553
Africa,2012,8.176124729608235,0.7300941009531942,54.68842071399354,0.6632704543962813,-0.0530641810070384,0.7981971329110756,0.617580929346252,0.2431705159772383,4.384157654486205
Africa,2013,8.19493970118071,0.7245599454955051,55.074407544052384,0.6844719141198878,-0.050388054750663644,0.7885668632623396,0.6279521683851877,0.2622186564105121,4.229565271160059
Africa,2014,8.214173191472105,0.7321790473764402,55.47618435976798,0.6965039388129586,-0.04492362089487804,0.7676419879130104,0.6288489397419127,0.27516914933527764,4.29276081239968
Africa,2015,8.21426566860132,0.7041698249808529,55.88561396013226,0.7238633630045673,-0.03384372416532416,0.7910750546868432,0.6324631885478371,0.2864348872711784,4.364745122298859
Africa,2016,8.220351225451418,0.7152560382035741,56.25517540647272,0.7308322596445418,-0.027592599927039246,0.7897137964242383,0.6504138480675848,0.32608233065458764,4.3175067776127865
Africa,2017,8.241030885462175,0.6975285426566475,56.62282895205313,0.7263056844995732,-0.04193183556076531,0.7735295266958705,0.6347535848617554,0.34754422986716554,4.493236534428179
Africa,2018,8.258231614765368,0.7017663538455964,56.99078923275596,0.732236858731822,-0.027479310895317837,0.7768812965405615,0.6461308218930897,0.34805380702018734,4.580115392333583
Africa,2019,8.26714317422164,0.6967272581238495,57.35789503800241,0.7209999147214388,-0.016676661541293325,0.7660436578487095,0.6335098329343294,0.3437049234383984,4.5251948745627155
Africa,2020,8.238744315348173,0.6877988150245266,57.71644718772487,0.7147284538076635,0.008855183354758633,0.766302999122101,0.6393938823750144,0.34866640732476584,4.573191093143664
Africa,2021,8.251503241689582,0.6700615253887678,58.07499988957455,0.704660927569657,0.0053280209587364055,0.7598180019018943,0.6250556012517527,0.33814468987678226,4.422793775483182
Africa,2022,8.263692642513075,0.661409445499119,58.43355269181101,0.7112174073332235,0.017998189941097628,0.7597838310818923,0.6359063339860815,0.35362861815251795,4.389887038030122
Africa,2023,8.26974142225165,0.6558979561454371,58.789473282663444,0.7140176547201056,0.014160067045227875,0.7581115270915785,0.6249823640835913,0.3421838385494132,4.4751848296115275
Asia,2010,9.296765711249375,0.7823258100486383,63.45121941915372,0.7020683426682542,0.04781923596264523,0.7605234540817214,0.6073716195618234,0.2543335418875624,5.292560094740333
Asia,2011,9.327805635405749,0.7766059041023254,63.52195144281155,0.7281544332097216,0.020300183340157506,0.7543863383371655,0.5934266956841073,0.24957005425197318,5.299291697944083
Asia,2012,9.363093643653684,0.7672110243541438,63.72292662829888,0.7078170405655373,0.008581008898412327,0.7678633633001548,0.6035745474623471,0.25846075975313415,5.228026145842017
Asia,2013,9.391391744846251,0.771247732057804,63.93482898619117,0.7319013560690532,0.02584388025968178,0.7650351953215715,0.6245004022993693,0.2748006874104825,5.276595087749202
Asia,2014,9.416792699767322,0.7828167477758918,64.14673143712486,0.7509759658720435,0.053046700793954495,0.7705150388362931,0.6237869772969223,0.2684814261590562,5.332322576569347
Asia,2015,9.431310742075851,0.7825842182810714,64.35863370197575,0.7497512224243909,0.0704562603246148,0.7645774380099483,0.6289343941502454,0.2851639794867213,5.255637957410115
Asia,2016,9.456016813448775,0.802926516532898,64.51834141801042,0.7739601925621188,0.034137635589558325,0.7680556935568651,0.6191525113291857,0.27743709869985655,5.311612378097162
Asia,2017,9.476774254465491,0.7988855904195367,64.67804876187952,0.7879789265675274,0.020923060899301307,0.7564493338993894,0.6098048723325497,0.28774226989930235,5.274852758500634
Asia,2018,9.50834007960994,0.8122321527178694,64.8365848820384,0.7948922798400972,-0.0006712902587179642,0.7613811640114319,0.6101280494434077,0.2863875576635686,5.277054792497216
Asia,2019,9.5289647172137,0.8133319667199763,64.99512188609053,0.8079058433451304,0.007437322720340116,0.7370632321732801,0.613882072088195,0.28681290258721603,5.362329372545568
Asia,2020,9.487324889113264,0.7962033698956172,65.15121905008952,0.8032970199497734,0.013085891083791492,0.7492958220342795,0.615801997361629,0.3094322957643648,5.341685376516202
Asia,2021,9.530463303976912,0.7840039296363427,65.30731703595417,0.7875232270093467,0.0481606291198149,0.7570304913007148,0.5986851648828848,0.30200922107551154,5.235447895236131
Asia,2022,9.639174015541386,0.7911122081483283,65.46341441704975,0.7916870943414487,0.05923834726464277,0.7614941407994527,0.6088252466141694,0.29691829895827826,5.282226268838092
Asia,2023,9.578292079088165,0.7906839287862545,65.61951167409013,0.790306377701643,0.058315895492120136,0.746157152987108,0.6104050533073705,0.29823171529101156,5.434288443588629
Europe,2010,10.266866230964661,0.8836601868271827,67.74249954223633,0.7111558064818382,-0.017026303528109566,0.7525209069252015,0.634474904090166,0.24767728354781862,6.030538237094879
Europe,2011,10.284623503684998,0.8872452855110169,67.88649969100952,0.7439616367220878,-0.023087510647019357,0.7531040299683809,0.6337931700050831,0.24754101932048794,6.069727289676666
Europe,2012,10.285386896133422,0.8840220838785171,68.04499998092652,0.722022944688797,-0.029146776406560083,0.7558097548782825,0.6324064686894417,0.2602769777178764,6.089303922653198
Europe,2013,10.296975553035736,0.8781968809664249,68.21249980926514,0.7356691785156727,-0.021401827409863468,0.745390459150076,0.6450948670506478,0.26269534863531585,6.083439880609513
Europe,2014,10.315119194984437,0.8759301349520683,68.38000011444092,0.7380678735673427,0.020300688920542598,0.716171595826745,0.6489303894340992,0.2541587376967072,6.088667333126068
Europe,2015,10.339694666862489,0.8810259684920311,68.54750003814698,0.7527956642210484,-0.007100221875589332,0.6950546573847532,0.6537965752184391,0.24387085400521752,6.101607000827789
Europe,2016,10.36290922164917,0.9009984239935875,68.68562593460084,0.7726425781846047,-0.01672800403321161,0.7155167691409587,0.6485203683376313,0.24252536520361895,6.173313510417938
Europe,2017,10.39569411277771,0.8880284935235977,68.82375068664551,0.7884371876716614,-0.00614322114270179,0.6806391637772322,0.6411024779081345,0.2355551082640886,6.267552733421326
Europe,2018,10.425636053085327,0.9019228339195251,68.96187505722045,0.8037629880011081,-0.06547881599981337,0.6920321237295866,0.6417834281921386,0.24167046621441837,6.385910451412201
Europe,2019,10.450760865211487,0.9061733298003674,69.09999961853028,0.8235477074980736,-0.06346910833381116,0.683720888197422,0.6469927974045276,0.23303810060024258,6.42632674574852
Europe,2020,10.403443503379822,0.9082338382800421,69.23250007629395,0.8421936397751173,-0.029040823300844443,0.6695717879881461,0.6653000712394714,0.26151241126159824,6.474157961209615
Europe,2021,10.467781937122345,0.8991942348579565,69.36500120162964,0.8215746278564134,0.05358131447380097,0.6657487491766612,0.6677522342652082,0.2452592959006627,6.512771652142208
Europe,2022,10.496533250808715,0.9020662069320678,69.4975004196167,0.8212814673781395,0.04135984894819557,0.6563032530248165,0.6423707127571106,0.2343956679105758,6.399847400188446
Europe,2023,10.480562591552735,0.891265581548214,69.62999992370605,0.8237373307347298,0.03242577562632504,0.6505738191306591,0.6501930624246597,0.23973934762179847,6.43773124217987
Oceania,2010,10.623644828796387,0.9650808870792389,70.0,0.92490553855896,0.2793941050767898,0.3434377908706665,0.7722681164741516,0.227415844798088,7.336901664733887
Oceania,2011,10.635687351226807,0.9603395462036132,70.04999923706055,0.9396775960922241,0.32074062526226044,0.32555097341537476,0.7539153695106506,0.20273666083812708,7.298127174377441
Oceania,2012,10.65459394454956,0.9373138248920441,70.0999984741211,0.9184996783733368,0.27438260614871973,0.3287748396396637,0.7568013966083527,0.21063753962516785,7.222607851028442
Oceania,2013,10.668513774871826,0.9431793391704559,70.1500015258789,0.938689798116684,0.2467386871576309,0.3718874156475067,0.7740331590175629,0.16426958888769144,7.322160482406616
Oceania,2014,10.684182643890383,0.9330897927284241,70.19999694824219,0.9274073541164398,0.3270713686943054,0.3573149889707565,0.7734581232070923,0.22216158360242838,7.297221422195435
Oceania,2015,10.695797443389893,0.9696025252342224,70.25,0.9318276345729828,0.3245071023702621,0.27122154831886286,0.7720058858394623,0.1847334802150726,7.363590717315674
Oceania,2016,10.708883285522463,0.9394685626029968,70.32500076293945,0.9244458675384521,0.24595261365175242,0.33840794861316675,0.7562134563922882,0.22174970805644983,7.237884044647217
Oceania,2017,10.71877384185791,0.9524392485618591,70.4000015258789,0.92641481757164,0.2994716763496399,0.3166170045733452,0.7454839944839478,0.1985387727618217,7.292110204696655
Oceania,2018,10.73383617401123,0.9469999969005585,70.4749984741211,0.932664155960083,0.12725414335727686,0.30561386048793787,0.7455208003520966,0.17770390957593912,7.273639678955078
Oceania,2019,10.741278171539307,0.9407977759838104,70.54999923706055,0.9147896468639374,0.13263377174735064,0.33201994001865387,0.7460094094276428,0.19668322056531906,7.219584703445435
Oceania,2020,10.720541000366211,0.9442538917064668,70.625,0.9117187857627868,0.15873627737164495,0.3869313895702362,0.7607918381690979,0.20680936425924296,7.1973748207092285
Oceania,2021,10.75407600402832,0.9347937405109406,70.70000076293945,0.9113260209560394,0.2248907089233398,0.35304979979991913,0.7434718906879425,0.22074476629495615,7.124149799346924
Oceania,2022,10.775644302368164,0.948631078004837,70.7750015258789,0.842227429151535,0.16776052862405777,0.41287070512771606,0.7085587978363037,0.22706659883260727,7.004841327667236
Oceania,2023,10.783000946044922,0.9146735668182373,70.8499984741211,0.8761886060237885,0.1843503415584564,0.3926181346178055,0.7345933020114899,0.23837276548147202,7.000268936157227
The Americas,2010,9.441033623435281,0.8592632792212747,64.01363615556197,0.755418674512343,0.0012749264186078953,0.7538778483867645,0.7617111300880258,0.24484844708984543,6.254640600898049
The Americas,2011,9.480319023132324,0.8366191251711412,64.34000032598323,0.7871109016916968,-0.017728000317054623,0.7521667223085057,0.7572896859862588,0.2694563899527896,6.1570847467942675
The Americas,2012,9.501321294090964,0.854832492091439,64.66636362942782,0.7921648133884777,0.01134486229751598,0.7520052519711581,0.7567063610662114,0.28645787015557284,6.167515451257879
The Americas,2013,9.523874456232244,0.8574298484758898,64.99272727966309,0.7945702428167517,-0.012908492829989295,0.7573372708125548,0.7733350558714434,0.28468772294846445,6.2738049897280606
The Americas,2014,9.522316065701572,0.8541118421337821,65.31909092989835,0.7868816771290519,-0.008114892558131193,0.7526772130619396,0.7774961861697111,0.28715314580635587,6.170974807305769
The Americas,2015,9.49882767417214,0.8487145033749667,65.64545458013362,0.7836814057646375,-0.0211227067153562,0.7747910821979697,0.7679773821975245,0.30240781018228235,6.029884204720005
The Americas,2016,9.467458204789596,0.8549920916557312,65.76250024275346,0.7875066620833947,-0.03327293200841679,0.7880835438316519,0.7557573499101582,0.30203828057556437,5.990353381994999
The Americas,2017,9.408868767998435,0.8658797253261913,65.87954521179199,0.838278899138624,-0.05935840071602299,0.7648552466522563,0.7509004202756014,0.2916019105098464,6.10273446819999
The Americas,2018,9.418093312870372,0.857762791893699,65.99659070101652,0.8333878110755574,-0.05255642941814253,0.7784928029233759,0.7616451125253331,0.3024944104254245,6.043648849834096
The Americas,2019,9.4033418785442,0.8476171114227988,66.10000020807439,0.8356911594217474,-0.052381766198033614,0.7770870070565831,0.7609775743701241,0.3033935197375037,6.086459105665034
The Americas,2020,9.524748101378933,0.8240146478920273,66.20340884815563,0.8287876392855789,-0.044987585564905924,0.7494973242282867,0.739451144229282,0.3292951410015424,5.774631753112331
The Americas,2021,9.57551404201623,0.8324623956824794,66.30681835521351,0.819171327533144,0.00016518280079420776,0.7607477049935948,0.7479976090517911,0.3120264070052089,5.939280397964246
The Americas,2022,9.602287639271129,0.8434453877535734,66.41022699529475,0.8320111632347107,-0.0275393224702301,0.7626030567017469,0.7575483918190002,0.29776876961643045,6.134806383739818
The Americas,2023,9.614690260453658,0.8299968188459222,66.5136363289573,0.8353420116684653,-0.02266012743877413,0.7612202614545822,0.7578373063694347,0.29941162873398175,6.190713871609081
